{
  "definition": "F = flip_corrupt - flip_shuffle; F_ci95 loaded from faithfulness_stats.json when available",
  "cells": [
    {
      "dataset": "chartqa",
      "model_id": "8b",
      "n_eval_present": 321,
      "flip_corrupt_present": 0.2118380062305296,
      "flip_shuffle_present": 0.30218068535825543,
      "F_present": -0.09034267912772584,
      "F_present_se": 0.03430803217859062,
      "acc_after_corrupt_present": 0.8161993769470405,
      "snap_rate": 0.8161993769470405,
      "follow_rate": 0.03115264797507788,
      "F_present_ci": [
        -0.1588785046728972,
        -0.02180685358255452
      ],
      "F_present_p_holm": 1.0,
      "snap_ci": [
        0.7701748860331522,
        0.854745346553452
      ],
      "follow_ci": [
        0.017007883314417944,
        0.05638625457441024
      ],
      "n_eval_masked": 321,
      "flip_corrupt_masked": 0.3333333333333333,
      "flip_shuffle_masked": 0.40809968847352024,
      "F_masked": -0.07476635514018692,
      "F_masked_se": 0.03801035090060876,
      "masked_minus_present_gap": 0.12149532710280372,
      "F_masked_ci": [
        -0.14953271028037385,
        0.0
      ],
      "F_masked_p_holm": 1.0,
      "sft": {
        "base_acc": 0.7125,
        "sft_acc": 0.7775,
        "net": 0.06499999999999995,
        "ci": [
          0.025,
          0.105
        ],
        "mcnemar_b": 46,
        "mcnemar_c": 20,
        "mcnemar_p": 0.002088938772152058,
        "n_eval": 400
      }
    },
    {
      "dataset": "chartqa",
      "model_id": "32b",
      "n_eval_present": 318,
      "flip_corrupt_present": 0.05063291139240506,
      "flip_shuffle_present": 0.04716981132075472,
      "F_present": 0.003463100071650342,
      "F_present_se": 0.01713049025654659,
      "acc_after_corrupt_present": 0.9810126582278481,
      "snap_rate": 0.9810126582278481,
      "follow_rate": 0.015822784810126583,
      "F_present_ci": [
        -0.031167900644853114,
        0.03811400366212882
      ],
      "F_present_p_holm": 1.0,
      "snap_ci": [
        0.9592013080351728,
        0.9912695943953501
      ],
      "follow_ci": [
        0.006776994684222731,
        0.03649900484294853
      ],
      "n_eval_masked": 318,
      "flip_corrupt_masked": 0.12025316455696203,
      "flip_shuffle_masked": 0.1289308176100629,
      "F_masked": -0.008677653053100864,
      "F_masked_se": 0.026228889362695112,
      "masked_minus_present_gap": 0.06962025316455697,
      "F_masked_ci": [
        -0.059230952949605925,
        0.04185574396942918
      ],
      "F_masked_p_holm": 1.0,
      "sft": {
        "base_acc": 0.725,
        "sft_acc": 0.795,
        "net": 0.07000000000000006,
        "ci": [
          0.0375,
          0.1025
        ],
        "mcnemar_b": 37,
        "mcnemar_c": 9,
        "mcnemar_p": 6.864535076836442e-05,
        "n_eval": 400
      }
    }
  ]
}